type,username,password
ADMIN,tguillon0,n8yaBX7wDldN
ADMIN,ljanz1,9AF7467uMY
ADMIN,gmariolle2,UxHvmrXC
ADMIN,gcolombier3,wqsasTKJ6
ADMIN,cdripp4,lwis4G
DOCTOR,cmcilwraith0,eDWVE9Cc3rwp
DOCTOR,sesson1,hyW08Cru9t
DOCTOR,ifirle2,MTkJDgmJoZy8
DOCTOR,mkornalik3,qHfPPygyIX
DOCTOR,mmcewan4,dmgutJ7VY
DOCTOR,kchomicki5,YAo2UKEvJp
DOCTOR,fjacobssen6,KfWGBVUf
DOCTOR,odallicoat7,jmvyzPfhvhU5
DOCTOR,scownden8,F1IcIUZNBxRN
DOCTOR,rryburn9,GwLJo2uP
DOCTOR,jyvensa,lFVnsQ
DOCTOR,hortab,P85tGfoHXV
DOCTOR,edevenniec,eqcX54TgZ
DOCTOR,abighamd,oZVAhPW2
DOCTOR,ndoxeye,Ee2koocvGR1R
DOCTOR,ddevonsf,EVI3ZT
DOCTOR,fswiggerg,nneHcDk8
DOCTOR,gguerreauh,FwR7ZTSlKld
DOCTOR,dstazikeri,dIJAC9Fa
DOCTOR,mmeusj,c9BlZeTqZBK
DOCTOR,rsweenyk,FhfKWp0
DOCTOR,cteasdalemarkiel,HXnAQHHz
DOCTOR,wyanceym,8tpuRj
DOCTOR,lspondleyn,dwY94Q
DOCTOR,lbelvardo,5oBwkA7SejF
DOCTOR,wgherardescip,quVfoPfpsN
DOCTOR,wlemasneyq,KDLUKXHg
DOCTOR,lmaccullochr,NNWKEr
DOCTOR,dwillshaws,oJAwxjXL2Z3
DOCTOR,lhagyardt,rj6qF1JKBg
DOCTOR,jhupkau,afsgc0EZIS
DOCTOR,hpantryv,NNYMvcb
DOCTOR,apenrightw,Kgg4CbJf
DOCTOR,fbangiardx,p7d0c60Fgl
DOCTOR,sgutowskiy,fcVorUP5
DOCTOR,mshilitonz,MMvwTJgS
DOCTOR,dreucastle10,PypdOxDUmOx
DOCTOR,mthireau11,In93GcP6rpe
DOCTOR,mmoynham12,cFC5NqJ
DOCTOR,wbrumby13,KOi7rPK
DOCTOR,hlilliman14,s3SPqelj8J
DOCTOR,bhearse15,eQve7C
DOCTOR,cbreckenridge16,uAYYgM6DJ72N
DOCTOR,vqueripel17,2g6wgVE2olb
DOCTOR,jsapsford18,kRO3N0qw
DOCTOR,bdunge19,EkJeAc2S
DOCTOR,siacovielli1a,eIQdLb
DOCTOR,monions1b,okzQ1eJt3
DOCTOR,llazell1c,qAizPUM0bBu
DOCTOR,bojeda1d,xmWR2Vugw6hH
PATIENT,athy0,cruT0v3e8P4
PATIENT,christopher1,J8Gd0UWS
PATIENT,freschi2,R453OW
PATIENT,whal3,ACaZtL
PATIENT,haddeston4,nONYaxn
PATIENT,tomankowski5,446GzT
PATIENT,ingham6,u7X3Jh
PATIENT,lush7,Jv8QIj
PATIENT,carwithan8,hGDz5Xfrs
PATIENT,jvan9,9Vp1hyLJGM6E
PATIENT,jsheardowna,totcYq1kF
PATIENT,csnashallb,cGis4yLtfT
PATIENT,wharsesc,U7RkZH
PATIENT,msimonassid,aqRMagdQD4R
PATIENT,mmuresse,SNVa66kt5h4
PATIENT,stoyef,VvSMd8
PATIENT,omapstong,uXF7Sphn4ueX
PATIENT,enissleh,UoCQa2XQziy
PATIENT,fstrachani,atujWjv9TE
PATIENT,dmarquessj,CvEhKe57
PATIENT,smendezk,f3Gymy7JA6d
PATIENT,ajakubovskyl,6CHbCdL2
PATIENT,jsangram,oA0OLH
PATIENT,rpaynen,ijaVuu0K
PATIENT,ssnowo,Vsdt6XUYP
PATIENT,mhendriksp,HFfPTY
PATIENT,fboakesq,TMi2lF
PATIENT,ghalleyboner,ikObQeEBM
PATIENT,tchats,rJnJGB
PATIENT,rsabertont,ajR1HPgbW
PATIENT,pbellhouseu,9ZClyUzi
PATIENT,kpoizerv,OroHPG
PATIENT,jshakespearew,P592usf7
PATIENT,awarrenerx,rzFrpmetSli
PATIENT,arosenblady,PR16C3pyss
PATIENT,fpollicotez,6MQLaSw
PATIENT,jeingerfield10,PApJIKOP4
PATIENT,mgartrell11,zElMYtUzKHUE
PATIENT,wyouster12,lICYkw
PATIENT,cbarbie13,uVCP6cP
PATIENT,aflewett14,Mjk5pfIhj
PATIENT,ckermath15,KhI8nSij8
PATIENT,peagan16,Wdfoty
PATIENT,mscholler17,buAo9pXC
PATIENT,gslaight18,6D2T7F
PATIENT,alindenfeld19,0dosyc
PATIENT,cofarris1a,dx09GsZNNg
PATIENT,bavard1b,rrDrY45I
PATIENT,bronisch1c,f6MN6h
PATIENT,pgillio1d,E0VWTcMxj18
PATIENT,bpellamonuten1e,e2vTqn5y
PATIENT,sseyffert1f,GN3A7ElR
PATIENT,abeagen1g,3zFlXh
PATIENT,rcaesman1h,JrsMdvaOGc90
PATIENT,jvassano1i,MXAQxmR5KXKb
PATIENT,tleebeter1j,razx4LAUS
PATIENT,mcarlens1k,pd0qIp22TpvA
PATIENT,aloiseau1l,u1lkE4EFu
PATIENT,msandbatch1m,XrRCj4ua3Rfw
PATIENT,eberzin1n,fyxep0f1
PATIENT,gcare1o,j4W8kS93SZSC
PATIENT,jradeliffe1p,7xsYPqJD
PATIENT,rmcnutt1q,rNfxNX
PATIENT,slardeur1r,tUkOWA
PATIENT,brival1s,0zSCzXPGPty
PATIENT,crollin1t,ohK9Gr
PATIENT,myushkov1u,4w0wwroROyI
PATIENT,corrice1v,6AQDdTr
PATIENT,pkenworthy1w,oOEQ4Kma
PATIENT,bgobell1x,InEeAakZyKf
PATIENT,vyakovlev1y,qAfkNZcz6Bm
PATIENT,shadaway1z,QETXWfi46h
PATIENT,agorner20,2llX8Ny2P7ya
PATIENT,mnormavill21,VNDrpzek9UXB
PATIENT,smullard22,TMTOa8NrEz
PATIENT,zcantle23,pAe0Sct3
PATIENT,kdumphreys24,kfRdreOPUCc4
PATIENT,mbrothwell25,XaFjCyP95skB
PATIENT,atrass26,zlPhYR
PATIENT,bcarek27,LApm6mZtmm
PATIENT,bmoodycliffe28,CzWZomMY
PATIENT,cwillowby29,jfpo6KLaIG8
PATIENT,ltildesley2a,Q3HshGxsv09
PATIENT,rboxer2b,QFSH1m3k7dOp
PATIENT,vmartinot2c,Z3GRKK0fsDY
PATIENT,dpessold2d,4GzLjMrSVI
PATIENT,bstrippel2e,ZbsrOq
PATIENT,wwye2f,6LDYkP2
PATIENT,tstritton2g,DhqkN1uhTdK
PATIENT,cchaytor2h,0c2sOE6d
PATIENT,dbreward2i,HguWSBJa
PATIENT,egonnelly2j,ziO7ac
PATIENT,kbragge2k,BFun3Ep
PATIENT,sbuttler2l,HsJbfshddJP
PATIENT,kilyinski2m,4PAytE
PATIENT,apetheridge2n,Tddq7yG5
PATIENT,vformoy2o,RzBGK6
PATIENT,dwalesby2p,bnmjD3
PATIENT,nlathee2q,CKqU2iqD
PATIENT,adeppe2r,uY03ip